"File","PackageId","Title","Version","GeneratePackageOnBuild","Authors","Company","Copyright","RepositoryUrl","PackageProjectUrl","HasPostBuild","HasCopyPackage","HasPackageIcon","HasPackageLicenseExpression","TargetFrameworks","IsConnector"
"Connectors\Accounting\FreshBooks\FreshBooks.csproj","TheTechIdea.Beep.Connectors.FreshBooks","(missing)","1.0.0","missing","The Tech Idea","(missing)","(missing)","(missing)","(missing)","No","No","No","No","net9.0","Yes"
"Connectors\Accounting\MYOB\MYOB.csproj","TheTechIdea.Beep.Connectors.MYOB","(missing)","1.0.0","missing","The Tech Idea","(missing)","(missing)","(missing)","(missing)","No","No","No","No","net9.0","Yes"
"Connectors\Accounting\QuickBooksOnline\QuickBooksOnline.csproj","TheTechIdea.Beep.Connectors.QuickBooksOnline","(missing)","1.0.0","missing","The Tech Idea","(missing)","(missing)","(missing)","(missing)","No","No","No","No","net9.0","Yes"
"Connectors\Accounting\SageIntacct\SageIntacct.csproj","TheTechIdea.Beep.Connectors.SageIntacct","(missing)","1.0.0","missing","The Tech Idea","(missing)","(missing)","(missing)","(missing)","No","No","No","No","net9.0","Yes"
"Connectors\Accounting\Wave\Wave.csproj","TheTechIdea.Beep.Connectors.Wave","(missing)","1.0.0","missing","The Tech Idea","(missing)","(missing)","(missing)","(missing)","No","No","No","No","net9.0","Yes"
"Connectors\Accounting\Xero\Xero.csproj","TheTechIdea.Beep.Connectors.Xero","(missing)","1.0.0","missing","The Tech Idea","(missing)","(missing)","(missing)","(missing)","No","No","No","No","net9.0","Yes"
"Connectors\Accounting\ZohoBooks\ZohoBooks.csproj","TheTechIdea.Beep.Connectors.ZohoBooks","(missing)","1.0.0","missing","The Tech Idea","(missing)","(missing)","(missing)","(missing)","No","No","No","No","net9.0","Yes"
"Connectors\BusinessIntelligence\TableauDataSource\TableauDataSource.csproj","(missing)","(missing)","(missing)","missing","(missing)","(missing)","(missing)","(missing)","(missing)","No","No","No","No","net9.0","Yes"
"Connectors\Cloud-Storage\AmazonS3\AmazonS3.csproj","BeepDataSources.AmazonS3","(missing)","1.0.0","missing","The-Tech-Idea","(missing)","(missing)","https://github.com/The-Tech-Idea/BeepDataSources","(missing)","No","No","No","No","net9.0","Yes"
"Connectors\Cloud-Storage\Box\Box.csproj","BeepDataSources.Box","(missing)","1.0.0","missing","The-Tech-Idea","(missing)","(missing)","https://github.com/The-Tech-Idea/BeepDataSources","(missing)","No","No","No","No","net9.0","Yes"
"Connectors\Cloud-Storage\CitrixShareFile\CitrixShareFile.csproj","BeepDataSources.CitrixShareFile","(missing)","1.0.0","missing","The-Tech-Idea","(missing)","(missing)","https://github.com/The-Tech-Idea/BeepDataSources","(missing)","No","No","No","No","net9.0","Yes"
"Connectors\Cloud-Storage\Dropbox\Dropbox.csproj","BeepDataSources.Dropbox","(missing)","1.0.0","missing","The-Tech-Idea","(missing)","(missing)","https://github.com/The-Tech-Idea/BeepDataSources","(missing)","No","No","No","No","net9.0","Yes"
"Connectors\Cloud-Storage\Egnyte\Egnyte.csproj","BeepDataSources.Egnyte","(missing)","1.0.0","missing","The-Tech-Idea","(missing)","(missing)","https://github.com/The-Tech-Idea/BeepDataSources","(missing)","No","No","No","No","net9.0","Yes"
"Connectors\Cloud-Storage\GoogleDrive\GoogleDrive.csproj","BeepDataSources.GoogleDrive","(missing)","1.0.0","missing","The-Tech-Idea","(missing)","(missing)","https://github.com/The-Tech-Idea/BeepDataSources","(missing)","No","No","No","No","net9.0","Yes"
"Connectors\Cloud-Storage\iCloud\iCloud.csproj","BeepDataSources.iCloud","(missing)","1.0.0","missing","The-Tech-Idea","(missing)","(missing)","https://github.com/The-Tech-Idea/BeepDataSources","(missing)","No","No","No","No","net9.0","Yes"
"Connectors\Cloud-Storage\MediaFire\MediaFire.csproj","BeepDataSources.MediaFire","(missing)","1.0.0","missing","The-Tech-Idea","(missing)","(missing)","https://github.com/The-Tech-Idea/BeepDataSources","(missing)","No","No","No","No","net9.0","Yes"
"Connectors\Cloud-Storage\OneDrive\OneDrive.csproj","BeepDataSources.OneDrive","(missing)","1.0.0","missing","The-Tech-Idea","(missing)","(missing)","https://github.com/The-Tech-Idea/BeepDataSources","(missing)","No","No","No","No","net9.0","Yes"
"Connectors\Cloud-Storage\pCloud\pCloud.csproj","BeepDataSources.pCloud","(missing)","1.0.0","missing","The-Tech-Idea","(missing)","(missing)","https://github.com/The-Tech-Idea/BeepDataSources","(missing)","No","No","No","No","net9.0","Yes"
"Connectors\Communication\ChantyDataSource\ChantyDataSource.csproj","Beep.Connectors.Communication.Chanty","(missing)","1.0.0","missing","The-Tech-Idea","The-Tech-Idea","(missing)","https://github.com/The-Tech-Idea/BeepDataSources","(missing)","No","No","No","No","net9.0","Yes"
"Connectors\Communication\DiscordDataSource\DiscordDataSource.csproj","Beep.Connectors.Communication.Discord","(missing)","1.0.0","missing","The-Tech-Idea","The-Tech-Idea","(missing)","https://github.com/The-Tech-Idea/BeepDataSources","(missing)","No","No","No","No","net9.0","Yes"
"Connectors\Communication\FlockDataSource\FlockDataSource.csproj","Beep.Connectors.Communication.Flock","(missing)","1.0.0","missing","The-Tech-Idea","The-Tech-Idea","(missing)","https://github.com/The-Tech-Idea/BeepDataSources","(missing)","No","No","No","No","net9.0","Yes"
"Connectors\Communication\GoogleChatDataSource\GoogleChatDataSource.csproj","Beep.Connectors.Communication.GoogleChat","(missing)","1.0.0","missing","The-Tech-Idea","The-Tech-Idea","(missing)","https://github.com/The-Tech-Idea/BeepDataSources","(missing)","No","No","No","No","net9.0","Yes"
"Connectors\Communication\MicrosoftTeamsDataSource\MicrosoftTeamsDataSource.csproj","Beep.Connectors.Communication.MicrosoftTeams","(missing)","1.0.0","missing","The-Tech-Idea","The-Tech-Idea","(missing)","https://github.com/The-Tech-Idea/BeepDataSources","(missing)","No","No","No","No","net9.0","Yes"
"Connectors\Communication\RocketChatDataSource\RocketChatDataSource.csproj","Beep.Connectors.Communication.RocketChat","(missing)","1.0.0","missing","The-Tech-Idea","The-Tech-Idea","(missing)","https://github.com/The-Tech-Idea/BeepDataSources","(missing)","No","No","No","No","net9.0","Yes"
"Connectors\Communication\SlackDataSource\SlackDataSource.csproj","Beep.Connectors.Communication.SlackDataSource","(missing)","1.0.0","missing","The-Tech-Idea","The-Tech-Idea","(missing)","https://github.com/The-Tech-Idea/BeepDataSources","(missing)","No","No","No","No","net9.0","Yes"
"Connectors\Communication\TelegramDataSource\TelegramDataSource.csproj","Beep.Connectors.Communication.TelegramDataSource","(missing)","1.0.0","missing","The-Tech-Idea","The-Tech-Idea","(missing)","https://github.com/The-Tech-Idea/BeepDataSources","(missing)","No","No","No","No","net9.0","Yes"
"Connectors\Communication\TwistDataSource\TwistDataSource.csproj","Beep.Connectors.Communication.Twist","(missing)","1.0.0","missing","The-Tech-Idea","The-Tech-Idea","(missing)","https://github.com/The-Tech-Idea/BeepDataSources","(missing)","No","No","No","No","net9.0","Yes"
"Connectors\Communication\WhatsAppBusinessDataSource\WhatsAppBusinessDataSource.csproj","Beep.Connectors.Communication.WhatsAppBusinessDataSource","(missing)","1.0.0","missing","The-Tech-Idea","The-Tech-Idea","(missing)","https://github.com/The-Tech-Idea/BeepDataSources","(missing)","No","No","No","No","net9.0","Yes"
"Connectors\Communication\ZoomDataSource\ZoomDataSource.csproj","Beep.Connectors.Communication.Zoom","(missing)","1.0.0","missing","The-Tech-Idea","The-Tech-Idea","(missing)","https://github.com/The-Tech-Idea/BeepDataSources","(missing)","No","No","No","No","net9.0","Yes"
"Connectors\ContentManagement\WordPressDataSource\WordPressDataSource.csproj","TheTechIdea.Beep.Connectors.WordPress","(missing)","1.0.0","missing","The-Tech-Idea","The-Tech-Idea","(missing)","https://github.com/The-Tech-Idea/BeepDataSources","(missing)","No","No","No","Yes","net9.0","Yes"
"Connectors\CRM\CopperDataSource\CopperDataSource.csproj","TheTechIdea.Beep.Connectors.CopperDataSource","(missing)","1.0.0","missing","The Tech Idea","(missing)","(missing)","(missing)","(missing)","No","No","No","No","net9.0","Yes"
"Connectors\CRM\Dynamics365DataSource\Dynamics365DataSource.csproj","TheTechIdea.Beep.Connectors.Dynamics365DataSource","(missing)","1.0.0","missing","The Tech Idea","(missing)","(missing)","(missing)","(missing)","No","No","No","No","net9.0","Yes"
"Connectors\CRM\FreshsalesDataSource\FreshsalesDataSource.csproj","TheTechIdea.Beep.Connectors.FreshsalesDataSource","(missing)","1.0.0","missing","The Tech Idea","(missing)","(missing)","(missing)","(missing)","No","No","No","No","net9.0","Yes"
"Connectors\CRM\HubSpotDataSource\HubSpotDataSource.csproj","TheTechIdea.Beep.Connectors.HubSpotDataSource","(missing)","1.0.0","missing","The Tech Idea","(missing)","(missing)","(missing)","(missing)","No","No","No","No","net9.0","Yes"
"Connectors\CRM\InsightlyDataSource\InsightlyDataSource.csproj","TheTechIdea.Beep.Connectors.InsightlyDataSource","(missing)","1.0.0","missing","The Tech Idea","(missing)","(missing)","(missing)","(missing)","No","No","No","No","net9.0","Yes"
"Connectors\CRM\NutshellDataSource\NutshellDataSource.csproj","TheTechIdea.Beep.Connectors.NutshellDataSource","(missing)","1.0.0","missing","The Tech Idea","(missing)","(missing)","(missing)","(missing)","No","No","No","No","net9.0","Yes"
"Connectors\CRM\PipedriveDataSource\PipedriveDataSource.csproj","TheTechIdea.Beep.Connectors.PipedriveDataSource","(missing)","1.0.0","missing","The Tech Idea","(missing)","(missing)","(missing)","(missing)","No","No","No","No","net9.0","Yes"
"Connectors\CRM\SalesforceDataSource\SalesforceDataSource.csproj","TheTechIdea.Beep.Connectors.SalesforceDataSource","(missing)","1.0.0","missing","The Tech Idea","(missing)","(missing)","https://github.com/The-Tech-Idea/BeepDataSources","(missing)","No","No","No","No","net9.0","Yes"
"Connectors\CRM\SugarCRMDataSource\SugarCRMDataSource.csproj","TheTechIdea.Beep.Connectors.SugarCRMDataSource","(missing)","1.0.0","missing","The Tech Idea","(missing)","(missing)","https://github.com/The-Tech-Idea/BeepDataSources","(missing)","No","No","No","No","net9.0","Yes"
"Connectors\CRM\ZohoDataSource\ZohoDataSource.csproj","TheTechIdea.Beep.Connectors.ZohoDataSource","(missing)","1.0.0","missing","The Tech Idea","(missing)","(missing)","(missing)","(missing)","No","No","No","No","net9.0","Yes"
"Connectors\CustomerSupport\Freshdesk\Freshdesk.csproj","BeepDataSources.Freshdesk","(missing)","1.0.0","missing","The-Tech-Idea","The-Tech-Idea","(missing)","https://github.com/The-Tech-Idea/BeepDataSources","(missing)","No","No","No","Yes","net9.0","Yes"
"Connectors\CustomerSupport\Front\Front.csproj","BeepDataSources.Front","(missing)","1.0.0","missing","The-Tech-Idea","The-Tech-Idea","(missing)","https://github.com/The-Tech-Idea/BeepDataSources","(missing)","No","No","No","Yes","net9.0","Yes"
"Connectors\CustomerSupport\HelpScout\HelpScout.csproj","BeepDataSources.HelpScout","(missing)","1.0.0","missing","The-Tech-Idea","The-Tech-Idea","(missing)","https://github.com/The-Tech-Idea/BeepDataSources","(missing)","No","No","No","Yes","net9.0","Yes"
"Connectors\CustomerSupport\Kayako\Kayako.csproj","BeepDataSources.Kayako","(missing)","1.0.0","missing","The-Tech-Idea","The-Tech-Idea","(missing)","https://github.com/The-Tech-Idea/BeepDataSources","(missing)","No","No","No","Yes","net9.0","Yes"
"Connectors\CustomerSupport\LiveAgent\LiveAgent.csproj","BeepDataSources.LiveAgent","(missing)","1.0.0","missing","The-Tech-Idea","The-Tech-Idea","(missing)","https://github.com/The-Tech-Idea/BeepDataSources","(missing)","No","No","No","Yes","net9.0","Yes"
"Connectors\CustomerSupport\Zendesk\Zendesk.csproj","BeepDataSources.Zendesk","(missing)","1.0.0","missing","The-Tech-Idea","The-Tech-Idea","(missing)","https://github.com/The-Tech-Idea/BeepDataSources","(missing)","No","No","No","Yes","net9.0","Yes"
"Connectors\CustomerSupport\ZohoDesk\ZohoDesk.csproj","BeepDataSources.ZohoDesk","(missing)","1.0.0","missing","The-Tech-Idea","The-Tech-Idea","(missing)","https://github.com/The-Tech-Idea/BeepDataSources","(missing)","No","No","No","Yes","net9.0","Yes"
"Connectors\E-commerce\BigCommerceDataSource\BigCommerceDataSource.csproj","TheTechIdea.Beep.Connectors.Ecommerce.BigCommerce","(missing)","1.0.0","missing","The Tech Idea","The Tech Idea","(missing)","https://github.com/The-Tech-Idea/BeepDataSources","(missing)","No","No","No","No","net9.0","Yes"
"Connectors\E-commerce\EcwidDataSource\EcwidDataSource.csproj","TheTechIdea.Beep.Connectors.Ecommerce.Ecwid","(missing)","1.0.0","missing","The Tech Idea","The Tech Idea","(missing)","https://github.com/The-Tech-Idea/BeepDataSources","(missing)","No","No","No","No","net9.0","Yes"
"Connectors\E-commerce\EtsyDataSource\EtsyDataSource.csproj","TheTechIdea.Beep.Connectors.Ecommerce.Etsy","(missing)","1.0.0","missing","The Tech Idea","The Tech Idea","(missing)","https://github.com/The-Tech-Idea/BeepDataSources","(missing)","No","No","No","No","net9.0","Yes"
"Connectors\E-commerce\MagentoDataSource\MagentoDataSource.csproj","TheTechIdea.Beep.Connectors.Ecommerce.Magento","(missing)","1.0.0","missing","The Tech Idea","The Tech Idea","(missing)","https://github.com/The-Tech-Idea/BeepDataSources","(missing)","No","No","No","No","net9.0","Yes"
"Connectors\E-commerce\OpenCartDataSource\OpenCartDataSource.csproj","TheTechIdea.Beep.Connectors.Ecommerce.OpenCart","(missing)","1.0.0","missing","The Tech Idea","The Tech Idea","(missing)","https://github.com/The-Tech-Idea/BeepDataSources","(missing)","No","No","No","No","net9.0","Yes"
"Connectors\E-commerce\ShopifyDataSource\ShopifyDataSource.csproj","TheTechIdea.Beep.Connectors.Ecommerce.ShopifyDataSource","(missing)","1.0.0","missing","The Tech Idea","The Tech Idea","(missing)","https://github.com/The-Tech-Idea/BeepDataSources","(missing)","No","No","No","No","net9.0","Yes"
"Connectors\E-commerce\SquarespaceDataSource\SquarespaceDataSource.csproj","TheTechIdea.Beep.Connectors.Ecommerce.Squarespace","(missing)","1.0.0","missing","The Tech Idea","The Tech Idea","(missing)","https://github.com/The-Tech-Idea/BeepDataSources","(missing)","No","No","No","No","net9.0","Yes"
"Connectors\E-commerce\VolusionDataSource\VolusionDataSource.csproj","TheTechIdea.Beep.Connectors.Ecommerce.VolusionDataSource","(missing)","1.0.0","missing","The Tech Idea","The Tech Idea","(missing)","https://github.com/The-Tech-Idea/BeepDataSources","(missing)","No","No","No","No","net9.0","Yes"
"Connectors\E-commerce\WixDataSource\WixDataSource.csproj","TheTechIdea.Beep.Connectors.Ecommerce.Wix","(missing)","1.0.0","missing","The Tech Idea","The Tech Idea","(missing)","https://github.com/The-Tech-Idea/BeepDataSources","(missing)","No","No","No","No","net9.0","Yes"
"Connectors\E-commerce\WooCommerceDataSource\WooCommerceDataSource.csproj","TheTechIdea.Beep.Connectors.Ecommerce.WooCommerce","(missing)","1.0.0","missing","The Tech Idea","The Tech Idea","(missing)","https://github.com/The-Tech-Idea/BeepDataSources","(missing)","No","No","No","No","net9.0","Yes"
"Connectors\Forms\JotformDataSource\JotformDataSource.csproj","TheTechIdea.Beep.Connectors.Jotform","(missing)","1.0.0","missing","The-Tech-Idea","The-Tech-Idea","(missing)","https://github.com/The-Tech-Idea/BeepDataSources","(missing)","No","No","No","Yes","net9.0","Yes"
"Connectors\Forms\TypeformDataSource\TypeformDataSource.csproj","TheTechIdea.Beep.Connectors.Typeform","(missing)","1.0.0","missing","The-Tech-Idea","The-Tech-Idea","(missing)","https://github.com/The-Tech-Idea/BeepDataSources","(missing)","No","No","No","Yes","net9.0","Yes"
"Connectors\IoT\AWSIoT\AWSIoTDataSource.csproj","Beep.Connectors.IoT.AWSIoTDataSource","(missing)","1.0.0","missing","The-Tech-Idea","The-Tech-Idea","(missing)","https://github.com/The-Tech-Idea/BeepDataSources","(missing)","No","No","No","No","net9.0","Yes"
"Connectors\IoT\AzureIoTHub\AzureIoTHubDataSource.csproj","Beep.Connectors.IoT.AzureIoTHubDataSource","(missing)","1.0.0","missing","The-Tech-Idea","The-Tech-Idea","(missing)","https://github.com/The-Tech-Idea/BeepDataSources","(missing)","No","No","No","No","net9.0","Yes"
"Connectors\IoT\Particle\ParticleDataSource.csproj","Beep.Connectors.IoT.ParticleDataSource","(missing)","1.0.0","missing","The-Tech-Idea","The-Tech-Idea","(missing)","https://github.com/The-Tech-Idea/BeepDataSources","(missing)","No","No","No","No","net9.0","Yes"
"Connectors\MailServices\Gmail\GmailDataSource.csproj","TheTechIdea.Beep.GmailDataSource","(missing)","1.0.0","missing","The-Tech-Idea","(missing)","(missing)","https://github.com/The-Tech-Idea/BeepDataSources","(missing)","No","No","No","No","net9.0","Yes"
"Connectors\MailServices\Outlook\OutlookDataSource.csproj","TheTechIdea.Beep.OutlookDataSource","(missing)","1.0.0","missing","The-Tech-Idea","(missing)","(missing)","https://github.com/The-Tech-Idea/BeepDataSources","(missing)","No","No","No","No","net9.0","Yes"
"Connectors\MailServices\Yahoo\YahooDataSource.csproj","TheTechIdea.Beep.YahooDataSource","(missing)","1.0.0","missing","The-Tech-Idea","(missing)","(missing)","https://github.com/The-Tech-Idea/BeepDataSources","(missing)","No","No","No","No","net9.0","Yes"
"Connectors\Marketing\ActiveCampaignDataSource\ActiveCampaignDataSource.csproj","TheTechIdea.Beep.Connectors.Marketing.ActiveCampaign","(missing)","1.0.0","missing","The Tech Idea","The Tech Idea","(missing)","https://github.com/The-Tech-Idea/BeepDataSources","(missing)","No","No","No","No","net9.0","Yes"
"Connectors\Marketing\CampaignMonitorDataSource\CampaignMonitorDataSource.csproj","TheTechIdea.Beep.Connectors.Marketing.CampaignMonitor","(missing)","1.0.0","missing","The Tech Idea","The Tech Idea","(missing)","https://github.com/The-Tech-Idea/BeepDataSources","(missing)","No","No","No","No","net9.0","Yes"
"Connectors\Marketing\ConstantContactDataSource\ConstantContactDataSource.csproj","TheTechIdea.Beep.Connectors.Marketing.ConstantContact","(missing)","1.0.0","missing","The Tech Idea","The Tech Idea","(missing)","https://github.com/The-Tech-Idea/BeepDataSources","(missing)","No","No","No","No","net9.0","Yes"
"Connectors\Marketing\ConvertKitDataSource\ConvertKitDataSource.csproj","(missing)","(missing)","(missing)","missing","(missing)","(missing)","(missing)","(missing)","(missing)","No","No","No","No","net9.0","Yes"
"Connectors\Marketing\DripDataSource\DripDataSource.csproj","TheTechIdea.Beep.Connectors.DripDataSource","(missing)","1.0.0","missing","The Tech Idea","(missing)","(missing)","(missing)","(missing)","No","No","No","No","net9.0","Yes"
"Connectors\Marketing\GoogleAdsDataSource\GoogleAdsDataSource.csproj","TheTechIdea.Beep.Connectors.GoogleAdsDataSource","(missing)","1.0.0","missing","The Tech Idea","(missing)","(missing)","(missing)","(missing)","No","No","No","No","net9.0","Yes"
"Connectors\Marketing\KlaviyoDataSource\KlaviyoDataSource.csproj","TheTechIdea.Beep.Connectors.Marketing.Klaviyo","(missing)","1.0.0","missing","The Tech Idea","The Tech Idea","(missing)","https://github.com/The-Tech-Idea/BeepDataSources","(missing)","No","No","No","No","net9.0","Yes"
"Connectors\Marketing\MailchimpDataSource\MailchimpDataSource.csproj","TheTechIdea.Beep.Connectors.MailchimpDataSource","(missing)","1.0.0","missing","The Tech Idea","(missing)","(missing)","(missing)","(missing)","No","No","No","No","net9.0","Yes"
"Connectors\Marketing\MailerLiteDataSource\MailerLiteDataSource.csproj","TheTechIdea.Beep.Connectors.MailerLiteDataSource","(missing)","1.0.0","missing","The Tech Idea","(missing)","(missing)","(missing)","(missing)","No","No","No","No","net9.0","Yes"
"Connectors\Marketing\MarketoDataSource\MarketoDataSource.csproj","TheTechIdea.Beep.Connectors.MarketoDataSource","(missing)","1.0.0","missing","The Tech Idea","(missing)","(missing)","(missing)","(missing)","No","No","No","No","net9.0","Yes"
"Connectors\Marketing\SendinblueDataSource\SendinblueDataSource.csproj","TheTechIdea.Beep.Connectors.Marketing.Sendinblue","(missing)","1.0.0","missing","The Tech Idea","The Tech Idea","(missing)","https://github.com/The-Tech-Idea/BeepDataSources","(missing)","No","No","No","No","net9.0","Yes"
"Connectors\MeetingTools\FathomDataSource\FathomDataSource.csproj","TheTechIdea.Beep.Connectors.Fathom","(missing)","1.0.0","false","TheTechIdea","TheTechIdea","(missing)","https://github.com/The-Tech-Idea/BeepDataSources","(missing)","No","No","No","No","net9.0","Yes"
"Connectors\MeetingTools\TLDVDataSource\TLDVDataSource.csproj","TheTechIdea.Beep.Connectors.TLDV","(missing)","1.0.0","missing","The-Tech-Idea","The-Tech-Idea","(missing)","https://github.com/The-Tech-Idea/BeepDataSources","(missing)","No","No","No","Yes","net9.0","Yes"
"Connectors\SMS\ClickSendDataSource\ClickSendDataSource.csproj","TheTechIdea.Beep.Connectors.ClickSend","(missing)","1.0.0","missing","The-Tech-Idea","The-Tech-Idea","(missing)","https://github.com/The-Tech-Idea/BeepDataSources","(missing)","No","No","No","Yes","net9.0","Yes"
"Connectors\SMS\KudosityDataSource\KudosityDataSource.csproj","(missing)","(missing)","(missing)","missing","(missing)","(missing)","(missing)","(missing)","(missing)","No","No","No","No","net9.0","Yes"
"Connectors\SocialMedia\Buffer\Buffer.csproj","BeepDataSources.Buffer","(missing)","1.0.0","missing","The-Tech-Idea","The-Tech-Idea","(missing)","https://github.com/The-Tech-Idea/BeepDataSources","(missing)","No","No","No","Yes","net9.0","Yes"
"Connectors\SocialMedia\Facebook\Facebook.csproj","BeepDataSources.Facebook","(missing)","1.0.0","missing","The-Tech-Idea","(missing)","(missing)","https://github.com/The-Tech-Idea/BeepDataSources","(missing)","No","No","No","No","net9.0","Yes"
"Connectors\SocialMedia\Hootsuite\Hootsuite.csproj","BeepDataSources.Hootsuite","(missing)","1.0.0","missing","The-Tech-Idea","The-Tech-Idea","(missing)","https://github.com/The-Tech-Idea/BeepDataSources","(missing)","No","No","No","Yes","net9.0","Yes"
"Connectors\SocialMedia\Instagram\Instagram.csproj","TheTechIdea.Beep.Connectors.InstagramDataSource","(missing)","1.0.0","missing","The-Tech-Idea","(missing)","(missing)","https://github.com/The-Tech-Idea/BeepDataSources","(missing)","No","No","No","No","net9.0","Yes"
"Connectors\SocialMedia\LinkedIn\LinkedIn.csproj","BeepDataSources.LinkedIn","(missing)","1.0.0","missing","The-Tech-Idea","(missing)","(missing)","https://github.com/The-Tech-Idea/BeepDataSources","(missing)","No","No","No","No","net9.0","Yes"
"Connectors\SocialMedia\LoomlyDataSource\LoomlyDataSource.csproj","TheTechIdea.Beep.Connectors.Loomly","(missing)","1.0.0","false","TheTechIdea","TheTechIdea","(missing)","https://github.com/The-Tech-Idea/BeepDataSources","(missing)","No","No","No","No","net9.0","Yes"
"Connectors\SocialMedia\Pinterest\Pinterest.csproj","BeepDataSources.Pinterest","(missing)","1.0.0","missing","The-Tech-Idea","(missing)","(missing)","https://github.com/The-Tech-Idea/BeepDataSources","(missing)","No","No","No","No","net9.0","Yes"
"Connectors\SocialMedia\Reddit\Reddit.csproj","BeepDataSources.Reddit","(missing)","1.0.0","missing","The-Tech-Idea","The-Tech-Idea","(missing)","https://github.com/The-Tech-Idea/BeepDataSources","(missing)","No","No","No","Yes","net9.0","Yes"
"Connectors\SocialMedia\Snapchat\Snapchat.csproj","BeepDataSources.Snapchat","(missing)","1.0.0","missing","The-Tech-Idea","(missing)","(missing)","https://github.com/The-Tech-Idea/BeepDataSources","(missing)","No","No","No","No","net9.0","Yes"
"Connectors\SocialMedia\TikTok\TikTok.csproj","BeepDataSources.TikTok","(missing)","1.0.0","missing","The-Tech-Idea","(missing)","(missing)","https://github.com/The-Tech-Idea/BeepDataSources","(missing)","No","No","No","No","net9.0","Yes"
"Connectors\SocialMedia\TikTokAds\TikTokAds.csproj","BeepDataSources.TikTokAds","(missing)","1.0.0","missing","The-Tech-Idea","The-Tech-Idea","(missing)","https://github.com/The-Tech-Idea/BeepDataSources","(missing)","No","No","No","Yes","net9.0","Yes"
"Connectors\SocialMedia\Twitter\TwitterDataSource.csproj","TheTechIdea.Beep.TwitterDataSource","(missing)","1.0.0","missing","The-Tech-Idea","(missing)","(missing)","https://github.com/The-Tech-Idea/BeepDataSources","(missing)","No","No","No","No","net9.0","Yes"
"Connectors\SocialMedia\YouTube\YouTube.csproj","BeepDataSources.YouTube","(missing)","1.0.0","missing","The-Tech-Idea","(missing)","(missing)","https://github.com/The-Tech-Idea/BeepDataSources","(missing)","No","No","No","No","net9.0","Yes"
"Connectors\TaskManagement\AnyDoDataSource\AnyDoDataSource.csproj","TheTechIdea.Beep.Connectors.AnyDo","(missing)","1.0.0","missing","The-Tech-Idea","The-Tech-Idea","(missing)","https://github.com/The-Tech-Idea/BeepDataSources","(missing)","No","No","No","Yes","net9.0","Yes"
"DataSourcesPlugins\RDBMSDataSource\RDBDataSource.csproj","TheTechIdea.Beep.RDBDataSource","TheTechIdea.Beep.RDBDataSource","2.0.21","True","The Tech Idea","The Tech Idea","2023","https://github.com/The-Tech-Idea/BeepDM","https://github.com/The-Tech-Idea/BeepDM","Yes","Yes","Yes","Yes"," net8.0;net9.0;net10.0","No"
"DataSourcesPluginsCore\AmazonCloudDatasourceCore\AmazonCloudDatasourceCore.csproj","TheTechIdea.Beep.AmazonCloudDatasourceCore","TheTechIdea.Beep.AmazonCloudDatasourceCore","1.0.0","True","The Tech Idea","The Tech Idea","2022","https://github.com/The-Tech-Idea/","https://github.com/The-Tech-Idea/","Yes","Yes","Yes","Yes","net8.0;net9.0;net10.0","No"
"DataSourcesPluginsCore\AzureCloudDataSourceCore\AzureCloudDataSourceCore.csproj","TheTechIdea.Beep.AzureCloudDataSourceCore","TheTechIdea.Beep.AzureCloudDataSourceCore","1.0.0","True","The Tech Idea","The Tech Idea","2022","https://github.com/The-Tech-Idea/","https://github.com/The-Tech-Idea/","Yes","Yes","Yes","Yes","net8.0;net9.0;net10.0","No"
"DataSourcesPluginsCore\CockroachDBDataSourceCore\CockroachDBDataSourceCore.csproj","TheTechIdea.Beep.CockroachDBDataSourceCore","TheTechIdea.Beep.CockroachDBDataSourceCore","1.0.0","True","The Tech Idea","The Tech Idea","2022","https://github.com/The-Tech-Idea/","https://github.com/The-Tech-Idea/","Yes","Yes","Yes","Yes","net8.0;net9.0;net10.0","No"
"DataSourcesPluginsCore\CompositeLayerDataSource6\CompositeLayerDataSource6 - Backup.csproj","(missing)","(missing)","(missing)","missing","(missing)","(missing)","(missing)","(missing)","(missing)","Yes","No","No","No","net6.0","No"
"DataSourcesPluginsCore\CompositeLayerDataSource6\CompositeLayerDataSourceCore.csproj","TheTechIdea.Beep.CompositeLayerDataSourceCore","TheTechIdea.Beep.CompositeLayerDataSourceCore","1.0.1","True","The Tech Idea","The Tech Idea","2022","https://github.com/The-Tech-Idea/","https://github.com/The-Tech-Idea/","Yes","Yes","Yes","Yes","net8.0;net9.0;net10.0","No"
"DataSourcesPluginsCore\CouchBaseDataSourceCore\CouchBaseDataSourceCore.csproj","TheTechIdea.Beep.CouchBaseDataSourceCore","TheTechIdea.Beep.CouchBaseDataSourceCore","1.0.2","True","The Tech Idea","The Tech Idea","2022","https://github.com/The-Tech-Idea/","https://github.com/The-Tech-Idea/","Yes","Yes","Yes","Yes","net8.0;net9.0;net10.0","No"
"DataSourcesPluginsCore\CouchBaseLiteDataSourceCore\CouchBaseLiteDataSourceCore.csproj","TheTechIdea.Beep.CouchBaseLiteDataSourceCore","TheTechIdea.Beep.CouchBaseLiteDataSourceCore","1.0.1","True","The Tech Idea","The Tech Idea","2022","https://github.com/The-Tech-Idea/","https://github.com/The-Tech-Idea/","Yes","Yes","Yes","Yes","net8.0;net9.0;net10.0","No"
"DataSourcesPluginsCore\CouchDBDataSourceCore\CouchDBDataSourceCore.csproj","TheTechIdea.Beep.CouchDBDataSourceCore","TheTechIdea.Beep.CouchDBDataSourceCore","1.0.0","True","The Tech Idea","The Tech Idea","2022","https://github.com/The-Tech-Idea/","https://github.com/The-Tech-Idea/","Yes","Yes","Yes","Yes","net10.0","No"
"DataSourcesPluginsCore\CSVDatasourceCore\CSVDatasourceCore.csproj","TheTechIdea.Beep.CSVDatasourceCore","TheTechIdea.Beep.CSVDatasourceCore","1.0.1","True","The Tech Idea","The Tech Idea","2022","https://github.com/The-Tech-Idea/","https://github.com/The-Tech-Idea/","Yes","Yes","Yes","Yes","net8.0;net9.0;net10.0","No"
"DataSourcesPluginsCore\DaprClient\DaprClientCore.csproj","TheTechIdea.Beep.DaprClientCore","TheTechIdea.Beep.DaprClientCore","1.0.0","True","The Tech Idea","The Tech Idea","2022","https://github.com/The-Tech-Idea/","https://github.com/The-Tech-Idea/","Yes","Yes","Yes","Yes","net8.0;net9.0;net10.0","No"
"DataSourcesPluginsCore\DataBricksDataSource\DataBricksDataSourceCore.csproj","TheTechIdea.Beep.DataBricksDataSourceCore","TheTechIdea.Beep.DataBricksDataSourceCore","1.0.0","True","The Tech Idea","The Tech Idea","2022","https://github.com/The-Tech-Idea/","https://github.com/The-Tech-Idea/","Yes","Yes","Yes","Yes","net8.0;net9.0;net10.0","No"
"DataSourcesPluginsCore\FireBaseDataSourceCore\FireBaseDataSourceCore.csproj","TheTechIdea.Beep.FireBaseDataSourceCore","TheTechIdea.Beep.FireBaseDataSourceCore","1.0.0","True","The Tech Idea","The Tech Idea","2022","https://github.com/The-Tech-Idea/","https://github.com/The-Tech-Idea/","Yes","Yes","Yes","Yes","net8.0;net9.0;net10.0","No"
"DataSourcesPluginsCore\FirebirdDataSourceCore\FirebirdDataSourceCore.csproj","TheTechIdea.Beep.FirebirdDataSourceCore","TheTechIdea.Beep.FirebirdDataSourceCore","1.0.1","True","The Tech Idea","The Tech Idea","2022","https://github.com/The-Tech-Idea/","https://github.com/The-Tech-Idea/","Yes","Yes","Yes","Yes","net8.0;net9.0;net10.0","No"
"DataSourcesPluginsCore\FireboltDataSource\FireboltDataSourceCore.csproj","TheTechIdea.Beep.FireboltDataSourceCore","TheTechIdea.Beep.FireboltDataSourceCore","1.0.0","True","The Tech Idea","The Tech Idea","2022","https://github.com/The-Tech-Idea/","https://github.com/The-Tech-Idea/","Yes","Yes","Yes","Yes","net8.0;net9.0;net10.0","No"
"DataSourcesPluginsCore\GoogleBigQuery\GoogleBigQueryDatasourceCore.csproj","TheTechIdea.Beep.GoogleBigQueryDatasourceCore","TheTechIdea.Beep.GoogleBigQueryDatasourceCore","1.0.0","True","The Tech Idea","The Tech Idea","2022","https://github.com/The-Tech-Idea/","https://github.com/The-Tech-Idea/","Yes","Yes","Yes","Yes","net8.0;net9.0;net10.0","No"
"DataSourcesPluginsCore\GoogleSheets\GoogleSheetsDataSourceCore.csproj","TheTechIdea.Beep.GoogleSheetsDataSourceCore","TheTechIdea.Beep.GoogleSheetsDataSourceCore","1.0.0","True","The Tech Idea","The Tech Idea","2022","https://github.com/The-Tech-Idea/","https://github.com/The-Tech-Idea/","Yes","Yes","Yes","Yes","net8.0;net9.0;net10.0","No"
"DataSourcesPluginsCore\HadoopDataSourceCore\HadoopDataSourceCore.csproj","TheTechIdea.Beep.HadoopDataSourceCore","TheTechIdea.Beep.HadoopDataSourceCore","1.0.0","True","The Tech Idea","The Tech Idea","2022","https://github.com/The-Tech-Idea/","https://github.com/The-Tech-Idea/","Yes","Yes","Yes","Yes","net8.0;net9.0;net10.0","No"
"DataSourcesPluginsCore\HanaDataSource\HanaDataSourceCore.csproj","TheTechIdea.Beep.HanaDataSourceCore","TheTechIdea.Beep.HanaDataSourceCore","1.0.0","True","The Tech Idea","The Tech Idea","2022","https://github.com/The-Tech-Idea/","https://github.com/The-Tech-Idea/","Yes","Yes","Yes","Yes","net8.0;net9.0;net10.0","No"
"DataSourcesPluginsCore\hdf5DataSource\Hdf5DataSourceCore.csproj","TheTechIdea.Beep.Hdf5DataSourceCore","TheTechIdea.Beep.Hdf5DataSourceCore","1.0.0","True","The Tech Idea","The Tech Idea","2022","https://github.com/The-Tech-Idea/","https://github.com/The-Tech-Idea/","Yes","Yes","Yes","Yes","net8.0;net9.0;net10.0","No"
"DataSourcesPluginsCore\HologresDataSource\HologresDataSource.csproj","TheTechIdea.Beep.HologresDataSourceCore","TheTechIdea.Beep.HologresDataSourceCore","1.0.0","True","The Tech Idea","The Tech Idea","2022","https://github.com/The-Tech-Idea/","https://github.com/The-Tech-Idea/","Yes","Yes","Yes","Yes","net8.0;net9.0;net10.0","No"
"DataSourcesPluginsCore\InfluxDBDataSourceCore\InfluxDBDataSourceCore.csproj","TheTechIdea.Beep.InfluxDBDataSourceCore","TheTechIdea.Beep.InfluxDBDataSourceCore","1.0.1","True","The Tech Idea","The Tech Idea","2022","https://github.com/The-Tech-Idea/","https://github.com/The-Tech-Idea/","Yes","Yes","Yes","Yes","net8.0;net9.0;net10.0","No"
"DataSourcesPluginsCore\KustoDataSource\KustoDataSourceCore.csproj","TheTechIdea.Beep.KustoDataSourceCore","TheTechIdea.Beep.KustoDataSourceCore","1.0.0","True","The Tech Idea","The Tech Idea","2022","https://github.com/The-Tech-Idea/","https://github.com/The-Tech-Idea/","Yes","Yes","Yes","Yes","net8.0;net9.0;net10.0","No"
"DataSourcesPluginsCore\LiteDBDataSourceCore\LiteDBDataSourceCore.csproj","TheTechIdea.Beep.LiteDBDataSourceCore","TheTechIdea.Beep.LiteDBDataSourceCore","1.0.23","True","The Tech Idea","The Tech Idea","2022","https://github.com/The-Tech-Idea/","https://github.com/The-Tech-Idea/","Yes","Yes","Yes","Yes","net8.0;net9.0;net10.0","No"
"DataSourcesPluginsCore\MlModelDataSource\MlModelDataSourceCore.csproj","TheTechIdea.Beep.MlModelDataSourceCore","TheTechIdea.Beep.MlModelDataSourceCore","1.0.0","True","The Tech Idea","The Tech Idea","2022","https://github.com/The-Tech-Idea/","https://github.com/The-Tech-Idea/","Yes","Yes","Yes","Yes","net8.0;net9.0;net10.0","No"
"DataSourcesPluginsCore\MongoDBDataSourceCore\MongoDBDataSourceCore.csproj","TheTechIdea.Beep.MongoDBDataSourceCore","TheTechIdea.Beep.MongoDBDataSourceCore","1.0.56","True","The Tech Idea","The Tech Idea","2022","https://github.com/The-Tech-Idea/","https://github.com/The-Tech-Idea/","Yes","Yes","Yes","Yes","net8.0;net9.0;net10.0","No"
"DataSourcesPluginsCore\MySqlDataSourceCore\MySqlDataSourceCore.csproj","TheTechIdea.Beep.MySqlDataSourceCore","TheTechIdea.Beep.MySqlDataSourceCore","1.0.2","True","The Tech Idea","The Tech Idea","2022","https://github.com/The-Tech-Idea/","https://github.com/The-Tech-Idea/","Yes","Yes","Yes","Yes","net8.0;net9.0;net10.0","No"
"DataSourcesPluginsCore\OnnxDataSource\OnnxDataSourceCore.csproj","TheTechIdea.Beep.OnnxDataSourceCore","TheTechIdea.Beep.OnnxDataSourceCore","1.0.0","True","The Tech Idea","The Tech Idea","2022","https://github.com/The-Tech-Idea/","https://github.com/The-Tech-Idea/","Yes","Yes","Yes","Yes","net8.0;net9.0;net10.0","No"
"DataSourcesPluginsCore\OPCUADataSource\OPCUADataSourceCore.csproj","TheTechIdea.Beep.OPCUADataSourceCore","TheTechIdea.Beep.OPCUADataSourceCore","1.0.0","True","The Tech Idea","The Tech Idea","2022","https://github.com/The-Tech-Idea/","https://github.com/The-Tech-Idea/","Yes","Yes","Yes","Yes","net8.0;net9.0;net10.0","No"
"DataSourcesPluginsCore\OracleDataSourceCore\OracleDataSourceCore.csproj","TheTechIdea.Beep.OracleDataSourceCore","TheTechIdea.Beep.OracleDataSourceCore","1.0.19","True","The Tech Idea","The Tech Idea","2022","https://github.com/The-Tech-Idea/","https://github.com/The-Tech-Idea/","Yes","Yes","Yes","Yes","net8.0;net9.0;net10.0","No"
"DataSourcesPluginsCore\ParquetDataSource\ParquetDataSourceCore.csproj","TheTechIdea.Beep.ParquetDataSourceCore","TheTechIdea.Beep.ParquetDataSourceCore","1.0.0","True","The Tech Idea","The Tech Idea","2022","https://github.com/The-Tech-Idea/","https://github.com/The-Tech-Idea/","Yes","Yes","Yes","Yes","net8.0;net9.0;net10.0","No"
"DataSourcesPluginsCore\PetastormDataSource\PetastormDataSourceCore.csproj","TheTechIdea.Beep.PetastormDataSourceCore","TheTechIdea.Beep.PetastormDataSourceCore","1.0.0","True","The Tech Idea","The Tech Idea","2022","https://github.com/The-Tech-Idea/","https://github.com/The-Tech-Idea/","Yes","Yes","Yes","Yes","net8.0;net9.0;net10.0","No"
"DataSourcesPluginsCore\PostgreDataSourceCore\PostgreDataSourceCore.csproj","TheTechIdea.Beep.PostgreDataSourceCore","TheTechIdea.Beep.PostgreDataSourceCore","1.0.2","True","The Tech Idea","The Tech Idea","2022","https://github.com/The-Tech-Idea/","https://github.com/The-Tech-Idea/","Yes","Yes","Yes","Yes","net8.0;net9.0;net10.0","No"
"DataSourcesPluginsCore\PrestoDatasource\PrestoDatasourceCore.csproj","TheTechIdea.Beep.PrestoDatasourceCore","TheTechIdea.Beep.PrestoDatasourceCore","1.0.0","True","The Tech Idea","The Tech Idea","2022","https://github.com/The-Tech-Idea/","https://github.com/The-Tech-Idea/","Yes","Yes","Yes","Yes","net8.0;net9.0;net10.0","No"
"DataSourcesPluginsCore\RavenDBDataSourceCore\RavenDBDataSourceCore.csproj","TheTechIdea.Beep.RavenDBDataSourceCore","TheTechIdea.Beep.RavenDBDataSourceCore","1.0.1","True","The Tech Idea","The Tech Idea","2022","https://github.com/The-Tech-Idea/","https://github.com/The-Tech-Idea/","Yes","Yes","Yes","Yes","net8.0;net9.0;net10.0","No"
"DataSourcesPluginsCore\RealMDataSource\RealMDataSourceCore.csproj","TheTechIdea.Beep.RealMDataSourceCore","TheTechIdea.Beep.RealMDataSourceCore","1.0.0","True","The Tech Idea","The Tech Idea","2022","https://github.com/The-Tech-Idea/","https://github.com/The-Tech-Idea/","Yes","Yes","Yes","Yes","net8.0;net9.0;net10.0","No"
"DataSourcesPluginsCore\RedisDataSourceCore\RedisDataSourceCore.csproj","TheTechIdea.Beep.RedisDataSourceCore","TheTechIdea.Beep.RedisDataSourceCore","1.0.1","True","The Tech Idea","The Tech Idea","2022","https://github.com/The-Tech-Idea/","https://github.com/The-Tech-Idea/","Yes","Yes","Yes","Yes","net8.0;net9.0;net10.0","No"
"DataSourcesPluginsCore\RocksetDatasource\RocksetDatasourceCore.csproj","TheTechIdea.Beep.RocksetDatasourceCore","TheTechIdea.Beep.RocksetDatasourceCore","1.0.0","True","The Tech Idea","The Tech Idea","2022","https://github.com/The-Tech-Idea/","https://github.com/The-Tech-Idea/","Yes","Yes","Yes","Yes","net8.0;net9.0;net10.0","No"
"DataSourcesPluginsCore\SnowFlakeDataSource\SnowFlakeDataSourceCore.csproj","TheTechIdea.Beep.SnowFlakeDataSourceCore","TheTechIdea.Beep.SnowFlakeDataSourceCore","1.0.0","True","The Tech Idea","The Tech Idea","2022","https://github.com/The-Tech-Idea/","https://github.com/The-Tech-Idea/","Yes","Yes","Yes","Yes","net8.0;net9.0;net10.0","No"
"DataSourcesPluginsCore\SpannerDataSourceCore\SpannerDataSourceCore.csproj","TheTechIdea.Beep.SpannerDataSourceCore","TheTechIdea.Beep.SpannerDataSourceCore","1.0.0","True","The Tech Idea","The Tech Idea","2022","https://github.com/The-Tech-Idea/","https://github.com/The-Tech-Idea/","Yes","Yes","Yes","Yes","net8.0;net9.0;net10.0","No"
"DataSourcesPluginsCore\SqlCompactDatasourceCore\SqlCompactDatasourceCore.csproj","TheTechIdea.Beep.SqlCompactDatasourceCore","TheTechIdea.Beep.SqlCompactDatasourceCore","1.0.0","True","The Tech Idea","The Tech Idea","2022","https://github.com/The-Tech-Idea/","https://github.com/The-Tech-Idea/","Yes","Yes","Yes","Yes","net8.0;net9.0;net10.0","No"
"DataSourcesPluginsCore\SqliteDatasourceCore\SqliteDatasourceCore.csproj","TheTechIdea.Beep.SqliteDatasourceCore","TheTechIdea.Beep.SqliteDatasourceCore","1.0.56","True","The Tech Idea","The Tech Idea","2022","https://github.com/The-Tech-Idea/","https://github.com/The-Tech-Idea/","Yes","Yes","Yes","Yes","net8.0;net9.0;net10.0","No"
"DataSourcesPluginsCore\SQlServerDataSourceCore\SqlServerDataSourceCore.csproj","TheTechIdea.Beep.SqlServerDataSourceCore","TheTechIdea.Beep.SqlServerDataSourceCore","1.0.1","True","The Tech Idea","The Tech Idea","2022","https://github.com/The-Tech-Idea/","https://github.com/The-Tech-Idea/","Yes","Yes","Yes","Yes","net8.0;net9.0;net10.0","No"
"DataSourcesPluginsCore\SupabaseDataSourceCore\SupabaseDataSourceCore.csproj","TheTechIdea.Beep.SupabaseDataSourceCore","TheTechIdea.Beep.SupabaseDataSourceCore","1.0.0","True","The Tech Idea","The Tech Idea","2022","https://github.com/The-Tech-Idea/","https://github.com/The-Tech-Idea/","Yes","Yes","Yes","Yes","net8.0;net9.0;net10.0","No"
"DataSourcesPluginsCore\TerraDataDataSource\TerraDataDataSourceCore.csproj","TheTechIdea.Beep.TerraDataDataSourceCore","TheTechIdea.Beep.TerraDataDataSourceCore","1.0.0","True","The Tech Idea","The Tech Idea","2022","https://github.com/The-Tech-Idea/","https://github.com/The-Tech-Idea/","Yes","Yes","Yes","Yes","net8.0;net9.0;net10.0","No"
"DataSourcesPluginsCore\TimeScaleDBDataSource\TimeScaleDBDataSource.csproj","TheTechIdea.Beep.TimeScaleDBDataSourceCore","TheTechIdea.Beep.TimeScaleDBDataSourceCore","1.0.0","True","The Tech Idea","The Tech Idea","2022","https://github.com/The-Tech-Idea/","https://github.com/The-Tech-Idea/","Yes","Yes","Yes","Yes","net8.0;net9.0;net10.0","No"
"DataSourcesPluginsCore\TrinoDataSource\TrinoDataSourceCore.csproj","TheTechIdea.Beep.TrinoDataSourceCore","TheTechIdea.Beep.TrinoDataSourceCore","1.0.0","True","The Tech Idea","The Tech Idea","2022","https://github.com/The-Tech-Idea/","https://github.com/The-Tech-Idea/","Yes","Yes","Yes","Yes","net8.0;net9.0;net10.0","No"
"DataSourcesPluginsCore\TxtXlsCSVFileSourceCore\TxtXlsCSVFileSourceCore.csproj","TheTechIdea.Beep.TxtXlsCSVFileSourceCore","TheTechIdea.Beep.TxtXlsCSVFileSourceCore","1.0.10","True","The Tech Idea","The Tech Idea","2022","https://github.com/The-Tech-Idea/","https://github.com/The-Tech-Idea/","Yes","Yes","Yes","Yes","net8.0;net9.0;net10.0","No"
"DataSourcesPluginsCore\VerticaDataSource\VerticaDataSourceCore.csproj","TheTechIdea.Beep.VerticaDataSourceCore","TheTechIdea.Beep.VerticaDataSourceCore","1.0.0","True","The Tech Idea","The Tech Idea","2022","https://github.com/The-Tech-Idea/","https://github.com/The-Tech-Idea/","Yes","Yes","Yes","Yes","net8.0;net9.0;net10.0","No"
"InMemoryDB\DuckDBDataSourceCore\DuckDBDataSourceCore.csproj","TheTechIdea.Beep.DuckDBDataSourceCore","DuckDBDataSourceCore","1.0.45","True","The Tech Idea","The Tech Idea","2022","https://github.com/The-Tech-Idea/","https://github.com/The-Tech-Idea/","Yes","Yes","Yes","Yes","net8.0;net9.0;net10.0","No"
"Messaging\AmazonSQSDataSourceCore\AmazonSQSDataSourceCore.csproj","TheTechIdea.Beep.AmazonSQSDataSourceCore","TheTechIdea.Beep.AmazonSQSDataSourceCore","1.0.0","True","The Tech Idea","The Tech Idea","2024","https://github.com/The-Tech-Idea/","https://github.com/The-Tech-Idea/","Yes","Yes","Yes","Yes","net8.0;net9.0;net10.0","No"
"Messaging\AzureServiceBusDataSourceCore\AzureServiceBusDataSourceCore.csproj","TheTechIdea.Beep.AzureServiceBusDataSourceCore","TheTechIdea.Beep.AzureServiceBusDataSourceCore","1.0.0","True","The Tech Idea","The Tech Idea","2024","https://github.com/The-Tech-Idea/","https://github.com/The-Tech-Idea/","Yes","Yes","Yes","Yes","net8.0;net9.0;net10.0","No"
"Messaging\GooglePubSubDataSourceCore\GooglePubSubDataSourceCore.csproj","TheTechIdea.Beep.GooglePubSubDataSourceCore","TheTechIdea.Beep.GooglePubSubDataSourceCore","1.0.0","True","The Tech Idea","The Tech Idea","2024","https://github.com/The-Tech-Idea/","https://github.com/The-Tech-Idea/","Yes","Yes","Yes","Yes","net8.0;net9.0;net10.0","No"
"Messaging\KafkaDataSourceCore\KafkaDataSourceCore.csproj","(missing)","(missing)","1.0.1","True","The Tech Idea","The Tech Idea","2022","https://github.com/The-Tech-Idea/","https://github.com/The-Tech-Idea/","Yes","Yes","Yes","Yes","net8.0;net9.0;net10.0","No"
"Messaging\MassTransitDataSource\MassTransitDataSourceCore.csproj","TheTechIdea.Beep.MassTransitDataSourceCore","TheTechIdea.Beep.MassTransitDataSourceCore","1.0.0","True","The Tech Idea","The Tech Idea","2024","https://github.com/The-Tech-Idea/","https://github.com/The-Tech-Idea/","Yes","Yes","Yes","Yes","net8.0;net9.0;net10.0","No"
"Messaging\NATSDataSourceCore\NATSDataSourceCore.csproj","TheTechIdea.Beep.NATSDataSourceCore","TheTechIdea.Beep.NATSDataSourceCore","1.0.0","True","The Tech Idea","The Tech Idea","2024","https://github.com/The-Tech-Idea/","https://github.com/The-Tech-Idea/","Yes","Yes","Yes","Yes","net8.0;net9.0;net10.0","No"
"Messaging\RabbitMQDataSourceCore\RabbitMQDataSourceCore.csproj","TheTechIdea.Beep.RabbitMQDataSourceCore","TheTechIdea.Beep.RabbitMQDataSourceCore","1.0.0","True","The Tech Idea","The Tech Idea","2024","https://github.com/The-Tech-Idea/","https://github.com/The-Tech-Idea/","Yes","Yes","Yes","Yes","net8.0;net9.0;net10.0","No"
"Messaging\RedisStreamsDataSourceCore\RedisStreamsDataSourceCore.csproj","TheTechIdea.Beep.RedisStreamsDataSourceCore","TheTechIdea.Beep.RedisStreamsDataSourceCore","1.0.0","True","The Tech Idea","The Tech Idea","2024","https://github.com/The-Tech-Idea/","https://github.com/The-Tech-Idea/","Yes","Yes","Yes","Yes","net8.0;net9.0;net10.0","No"
"tempReflection\tempReflection.csproj","(missing)","(missing)","(missing)","missing","(missing)","(missing)","(missing)","(missing)","(missing)","No","No","No","No","net10.0","No"
"VectorDatabase\TheTechIdea.Beep.ChromaDBDatasource\TheTechIdea.Beep.ChromaDBDatasource.csproj","(missing)","(missing)","1.0.0","True","The Tech Idea","The Tech Idea","2022","https://github.com/The-Tech-Idea/","https://github.com/The-Tech-Idea/","Yes","Yes","Yes","Yes","net8.0;net9.0;net10.0","No"
"VectorDatabase\TheTechIdea.Beep.MilvusDatasource\TheTechIdea.Beep.MilvusDatasource.csproj","TheTechIdea.Beep.MilvusSourceCore","MilvusDataSourceCore","1.0.0","True","The Tech Idea","The Tech Idea","2022","https://github.com/The-Tech-Idea/","https://github.com/The-Tech-Idea/","Yes","Yes","Yes","Yes","net8.0;net9.0;net10.0","No"
"VectorDatabase\TheTechIdea.Beep.PineConeDatasource\TheTechIdea.Beep.PineConeDatasource.csproj","TheTechIdea.Beep.PineDataSourceCore","PinetDataSourceCore","1.0.0","True","The Tech Idea","The Tech Idea","2022","https://github.com/The-Tech-Idea/","https://github.com/The-Tech-Idea/","Yes","Yes","Yes","Yes","net8.0;net9.0","No"
"VectorDatabase\TheTechIdea.Beep.QdrantDatasource\TheTechIdea.Beep.QdrantDatasource.csproj","TheTechIdea.Beep.QdrantDataSourceCore","QdrantDataSourceCore","1.0.0","True","The Tech Idea","The Tech Idea","2022","https://github.com/The-Tech-Idea/","https://github.com/The-Tech-Idea/","Yes","Yes","Yes","Yes","net8.0;net9.0;net10.0","No"
"VectorDatabase\TheTechIdea.Beep.ShapVectorDatasource\TheTechIdea.Beep.SharpVectorDatasource.csproj","TheTechIdea.Beep.SharpVectorDataSourceCore","SharpVectorDataSourceCore","1.0.0","True","The Tech Idea","The Tech Idea","2022","https://github.com/The-Tech-Idea/","https://github.com/The-Tech-Idea/","Yes","Yes","Yes","Yes","net8.0;net9.0;net10.0","No"
